date,Aggressive Momentum,Bond Rotation,Sector Rotation,Vol Harvester
2023-01-03,10136.178538252809,9958.858293554533,10072.259941054885,10056.475157127717
2023-01-04,10113.305161445265,10024.020396094857,9959.770181090633,10042.254911119815
2023-01-05,10289.197923523565,10069.202039136913,9993.492386298494,9980.087854803998
2023-01-06,10693.31385193224,9995.491030042125,9944.999272827063,9749.34277438312
2023-01-09,10643.548940419416,10008.431776900437,9979.034866551952,9832.251200921246
2023-01-10,10594.019995146684,10073.597646887354,10039.913171161159,9761.55227482452
2023-01-11,11024.988122742792,9944.099108817953,10124.24130072218,9598.05845140963
2023-01-12,11249.742077837362,9992.296979210862,10368.463664599542,9192.21478900797
2023-01-13,11131.205124482784,9944.324060621524,10202.463895177234,9195.77471708231
2023-01-16,11295.546249069754,9994.689967204231,10095.432209776374,9447.589733230441
2023-01-17,11178.237005023628,9938.659003113657,10092.41103153124,9690.571237510978
2023-01-18,11061.499950287165,9800.123470700588,10178.870936937217,9631.880836948254
2023-01-19,11141.685391599987,9677.422597675459,10393.707380305823,9552.579819558146
2023-01-20,10622.12625027139,9685.984015769727,10193.33549387548,9627.391935891454
2023-01-23,10176.815427064268,9710.952351779291,10181.454247432628,9490.916130547876
2023-01-24,10045.97019552611,9645.553622696696,10141.439180409261,9541.473087603292
2023-01-25,9803.65357856122,9699.653021941538,10050.338390864743,9658.749281460641
2023-01-26,9892.437262524267,9575.57350370848,10181.409939146697,9844.235886804701
2023-01-27,9679.743907240418,9575.299274707873,10189.19764343521,9837.322170205738
2023-01-30,9349.591146224771,9487.320184031267,9910.630432041069,9815.13796347033
2023-01-31,9703.391074434847,9442.590421225428,10194.627732542463,9693.727270563004
2023-02-01,9660.26525025017,9450.89224635405,10338.196393555241,9581.248962817719
2023-02-02,9688.166077779433,9390.564300456255,10284.108484845206,9556.364702266
2023-02-03,9354.711950896495,9366.370034084986,10220.97118225625,9616.669975460336
2023-02-06,9238.624015763138,9446.45570561196,10241.049914393003,9756.147939117796
2023-02-07,9275.32966711166,9407.58226552574,10289.04620664108,9646.413867502748
2023-02-08,9019.563940829194,9475.180795001734,10143.278775614035,9870.117374268859
2023-02-09,9115.103225030978,9394.284971853365,10110.171638838752,9837.873141689906
2023-02-10,8989.169257412084,9438.799165752209,10068.749320474337,9842.59030923554
2023-02-13,8934.404148315454,9552.371978887408,10182.68651661584,9740.14690500101
2023-02-14,8810.728181984154,9368.267623558555,10203.47170930762,9393.752178503866
2023-02-15,9229.299045830716,9313.227533200801,10323.868499089764,9525.834730766113
2023-02-16,9237.259956600834,9360.879379155407,10418.955130010718,9638.741196341867
2023-02-17,9004.08589830617,9350.354351907044,10020.513992481248,9605.777536582018
2023-02-20,9200.047427478932,9382.792292541157,10220.633966625583,9623.114627511457
2023-02-21,8930.29199736016,9342.147148249618,9938.834142246551,9705.287252705395
2023-02-22,8987.638670032264,9353.289698112603,9926.31664372334,9485.577136708429
2023-02-23,8558.103661789084,9346.317588705473,9660.432352532325,9417.890048712541
2023-02-24,8284.20453896786,9438.306443681153,9432.213831757324,9537.628822085324
2023-02-27,8334.916553007966,9462.236011980885,9574.600826328997,9365.814720838154
2023-02-28,8498.79488590775,9492.522938521506,9592.223450426023,9414.548510652401
2023-03-01,8545.404036565442,9465.991187600637,9650.70904179317,9230.506071336493
2023-03-02,8530.951988930761,9433.798773433722,9646.386214061975,9302.471247964153
2023-03-03,8476.971602048432,9405.870337606908,9682.340334431641,9304.939916997917
2023-03-06,8173.80924483717,9440.254598420523,9585.376541998598,9086.953301356027
2023-03-07,8036.521084795496,9413.181120272315,9406.790723655122,9252.981845830169
2023-03-08,7953.616580214935,9439.709336528986,9482.596019121213,9158.426793443652
2023-03-09,8173.359541755405,9601.158633565354,9521.554380249647,9054.443970449323
2023-03-10,8253.380468849664,9672.869664620259,9397.030176290877,9088.928164003568
2023-03-13,7899.508495810572,9652.4774343785,9230.289601914235,9252.797541866506
2023-03-14,7972.990507745299,9750.06119531608,9412.909750922332,9119.211875455734
2023-03-15,7905.801662193088,9723.106147039647,9479.607149788626,9134.944319244249
2023-03-16,7781.498347307873,9569.432490541805,9401.904525278305,9201.010497505038
2023-03-17,7909.830096092208,9497.042695611368,9421.699549895871,9304.030385427659
2023-03-20,8123.197668509898,9359.655290970475,9475.95287692263,9336.097873609273
2023-03-21,8322.069818020467,9338.014758289923,9768.410339863443,9292.167634487841
2023-03-22,8157.455631282967,9344.059694442634,9752.73363057191,9184.249762651472
2023-03-23,8104.184922124259,9474.049566848986,9783.501074627922,9203.464666522932
2023-03-24,8181.025446681607,9503.565200782821,9927.916985003001,9062.816535539994
2023-03-27,8390.366664951982,9491.659094094724,10040.77043624933,8672.931836749587
2023-03-28,8299.923916151904,9559.384403860437,9984.069712818655,8736.663983580851
2023-03-29,8271.359940334778,9395.067356960326,9957.89297781074,8862.11393931204
2023-03-30,8052.51320264856,9417.47380778849,9871.857047424943,8555.09498334347
2023-03-31,7821.364477654107,9480.259366874516,9783.132220366397,8432.363928034267
2023-04-03,7989.6266301385585,9372.860447707662,9933.230960049523,8517.423830022528
2023-04-04,8270.110468322957,9463.308854199357,10056.352720039078,8787.106183244834
2023-04-05,8265.146309377276,9493.666877027708,10140.025917619218,8796.876615950738
2023-04-06,8482.423140632303,9466.872869565183,10222.571043158372,8707.85183649287
2023-04-07,8569.290793084818,9519.53002984472,10270.88647397794,8690.928591303622
2023-04-10,8441.36847269715,9697.217225647026,10006.333854437991,8877.115625886927
2023-04-11,8527.764951627136,9716.174606910387,10144.136118446557,8798.20283776359
2023-04-12,8865.898627714825,9740.32673067403,10316.89449031035,8699.769599321378
2023-04-13,8868.596955293548,9709.402292048822,10435.29014880459,8643.733053722606
2023-04-14,9226.144120691686,9648.245146244717,10249.7672941962,8527.043270131608
2023-04-17,8632.961846391305,9717.15953691165,10276.216674986003,8549.555131134437
2023-04-18,8820.707724650094,9655.468491773496,10338.404762702941,8764.748946005124
2023-04-19,8850.487992600089,9665.824270407757,10479.511074701715,8814.236375939727
2023-04-20,8794.949554066276,9633.721559007894,10347.06008553066,8787.92321376992
2023-04-21,8825.679278547947,9675.45328597638,10433.313637678184,8756.487326978797
2023-04-24,8397.728949075226,9706.117669523404,10158.985937814272,8558.171609250348
2023-04-25,8361.68759951934,9791.534606644549,10082.691141939626,8678.385221877232
2023-04-26,8446.373218659819,9756.47962819313,10329.842495466843,8675.19541235071
2023-04-27,8768.57998351025,9740.29363354043,10440.865395141065,8658.650090904548
2023-04-28,8665.489932940367,9668.896212440603,10432.367713494003,9080.29702796609
2023-05-01,8500.738691441957,9639.36405719032,10473.18730107262,9128.2527427774
2023-05-02,8404.30694001912,9673.27923371025,10497.51974134858,9032.617264246219
2023-05-03,8606.725117614937,9736.69637145151,10601.778389792005,8982.076483294186
2023-05-04,8687.789948579868,9669.733969510846,10681.881056233524,9143.993552434566
2023-05-05,8583.15416218204,9741.839699741467,10924.389736943434,9166.844905831098
2023-05-08,8703.590284797645,9852.361873282367,10973.19834216781,8976.411314375147
2023-05-09,8735.15767352384,9889.874536439851,11016.350336006106,9107.363098558975
2023-05-10,8957.171530781414,10043.309674641789,11237.561155883794,9023.373527200449
2023-05-11,8810.709886978972,9986.160093083188,11319.676884479322,9284.14420945948
2023-05-12,8749.109335977904,9891.718604106716,11446.260644238662,9441.981354755686
2023-05-15,8673.843339599036,9755.907661988069,11500.577971849882,9386.180864863732
2023-05-16,8366.89446697507,9877.547777108111,11235.276053474996,9574.047578487056
2023-05-17,8438.874918028707,9934.194775271353,11471.149694716849,9591.451594843624
2023-05-18,8504.076887645791,9934.74436108024,11364.375223126819,9721.814817513872
2023-05-19,8515.368910622195,9961.963067113662,11413.166698480414,9800.279509653514
2023-05-22,8475.647453755573,9877.2474060742,11310.00449710407,9683.701756504748
2023-05-23,8111.085689457258,10075.444408949805,11153.283952305612,9915.376183541339
2023-05-24,7788.730804189036,10090.89781783788,11057.734120853198,10063.218049085875
2023-05-25,7462.788943944691,10104.77440030009,10954.66870548733,10261.90881126716
2023-05-26,7109.949660353614,10168.496451514347,10845.42002069298,10285.60603133068
2023-05-29,6903.550897185529,10212.709825068589,10940.194026346418,10419.862696245553
2023-05-30,6581.714241836646,10236.107880576576,10837.138380077487,10585.613282079232
2023-05-31,6419.864205422289,10176.494880094637,10729.786034331355,10741.847576659216
2023-06-01,6220.817842447608,10219.966290114853,10741.488126934484,10973.050256321876
2023-06-02,6004.464261706888,10378.95008854907,10766.376302947036,11102.266708950006
2023-06-05,5715.341662376629,10495.851943650752,10464.201028978025,11448.771857704493
2023-06-06,5448.03924568729,10634.874677237069,10381.384736783346,11444.25393340862
2023-06-07,5450.96567693205,10596.698397360611,10468.012768681778,11531.065202184258
2023-06-08,5465.714655921943,10518.104396056457,10449.716313731153,11356.532118694402
2023-06-09,5808.857976391423,10512.779128596352,10821.178340927636,11438.57859398091
2023-06-12,5787.893667847713,10522.722107719463,10797.636996671292,11415.619491101086
2023-06-13,5838.472239080355,10620.094455025268,10848.953894161734,11593.542764968659
2023-06-14,5840.411813172417,10481.611428417895,10836.337972666684,11809.30776369078
2023-06-15,5676.781281930517,10615.10945100249,10747.510661765522,12277.46952023566
2023-06-16,5845.782298518884,10606.998836627681,10729.098150930724,12394.037925107556
2023-06-19,5962.688157580907,10576.07891994751,10637.331259569992,12464.522134001338
2023-06-20,6087.760303942547,10495.734193423677,10898.295952758128,12510.837363151235
2023-06-21,5956.662295102208,10362.030574471455,10730.044984338196,12454.569942269234
2023-06-22,6172.709589349754,10435.449339830842,10746.132724410345,12527.768658763875
2023-06-23,5963.786353403523,10446.787911959107,10386.272445909432,12482.280065775469
2023-06-26,6058.440155212708,10344.203722440569,10373.581146725011,12523.807546117358
2023-06-27,6397.478891439432,10242.203355063115,10417.339767202293,12781.34666154214
2023-06-28,6246.73248532847,10219.811055351462,10529.779044049288,12598.597197024821
2023-06-29,6165.79080371393,10361.377637965314,10607.274455819095,12824.089137460278
2023-06-30,6188.55048943926,10345.040534600073,10547.334733474474,13087.710424188124
2023-07-03,6118.082137384048,10225.812456632932,10771.808400389264,13075.00189215543
2023-07-04,5888.246679981399,10210.82198297436,10762.994473847644,12669.313041377904
2023-07-05,5905.405468716659,10193.649539395808,10741.73029319663,12563.93818639203
2023-07-06,5755.658601267215,9978.817425880512,10371.05454145626,12818.419726607364
2023-07-07,5830.711300260747,9979.472446112302,10677.155378567533,12824.27747607543
2023-07-10,5703.685722014045,9966.025344086771,10448.89085991409,12642.306961415117
2023-07-11,5931.538613279384,10026.515638970375,10403.053339202366,12556.69801447538
2023-07-12,5822.509030928554,10179.83759440377,10462.992968732608,12725.074550153031
2023-07-13,5782.615889600115,10276.673505523622,10722.023547325507,12839.612991009657
2023-07-14,5907.161468358264,10259.705592019103,10962.650246747133,12803.867746135438
2023-07-17,5732.477205549899,10174.014404386067,10932.254149875913,12743.659271508408
2023-07-18,5771.953900453909,10388.55260923572,11033.126347165577,12678.967713401846
2023-07-19,5967.499438110216,10398.668436077905,11261.049003001353,12513.682753356023
2023-07-20,5734.844054960557,10405.026539001161,11219.6146814383,12826.908183141273
2023-07-21,5768.197027475219,10408.220874897577,11281.299430113413,12775.154083725973
2023-07-24,5812.595242940083,10429.918664871211,11328.550411331853,13018.615021710937
2023-07-25,5933.180854864475,10423.088285365295,11402.894897889919,13326.11133382322
2023-07-26,5756.824364985491,10380.465191558596,11208.425102062702,13536.326255507609
2023-07-27,5573.691634145729,10340.242222520468,11067.076283744473,13459.517015940179
2023-07-28,5653.108597551498,10342.702929650824,10921.827535942308,13551.794809863923
2023-07-31,5701.864493108449,10302.91043333605,10946.923814099591,13557.717837315162
2023-08-01,5744.413637729296,10249.306798539084,10862.754655762974,13384.781989032477
2023-08-02,5801.060479579604,10263.158140388376,10774.080045618528,13460.611988703145
2023-08-03,5709.400138717946,10247.354747421878,10747.001109147202,13233.321521073454
2023-08-04,5749.402151154127,10375.774022328726,10939.110785411582,13479.662326462267
2023-08-07,5798.4262214462005,10160.914999964674,11084.014613015717,13396.502792144198
2023-08-08,5701.831483071651,10254.721124218762,10843.577753229723,13447.642532751423
2023-08-09,5974.631977050282,10362.074533949524,10900.20521741825,13515.543957233871
2023-08-10,6052.57596844921,10195.378578207088,11062.99969729227,13473.867769106997
2023-08-11,5879.577686653893,10172.525629450558,10851.062583599993,13603.222383852772
2023-08-14,5983.139628563266,10147.383958431941,10892.409373171584,13517.201660980738
2023-08-15,5844.52798295826,10038.197157672877,10882.901490412438,13704.677941455479
2023-08-16,5966.544866326019,9980.75323815119,10848.321688176664,13438.948413305769
2023-08-17,6146.525032767477,9897.068547043502,10971.892968896642,13475.175701786706
2023-08-18,6027.792252464337,10040.7558068492,10752.576525672033,13877.86697638213
2023-08-21,6180.201382368995,10120.935530827333,10776.191747989133,13680.732294135474
2023-08-22,6251.3943554095495,10228.950615715394,10859.598311568316,13552.596167389072
2023-08-23,6387.371584735955,10293.120674253969,10754.869963073574,13667.91002762816
2023-08-24,6697.924470625899,10205.295505562142,10979.813134230604,13715.661970222536
2023-08-25,6664.8722033162385,10167.575078786593,10966.734055966217,13798.771358572041
2023-08-28,6547.281169698707,10212.464887069451,10976.834442080115,13911.063096065853
2023-08-29,6409.540380220784,10117.723620826424,10936.068204640189,14054.63670250656
2023-08-30,6286.507604574914,10180.493851105377,11036.573234461455,14299.826833781422
2023-08-31,6281.9339016364665,10166.011048125223,11055.551846682163,14399.171732658404
2023-09-01,6343.049576223702,10140.610593884354,11045.332492050607,14358.582414034468
2023-09-04,6394.537822151054,10203.35744466443,11095.23905333806,14514.927353739171
2023-09-05,6534.447631832902,10244.722942319904,11244.68176797947,14940.189019607444
2023-09-06,6544.412973530874,10220.26131690812,11262.849844104865,14922.417572203114
2023-09-07,6790.079450899551,10320.16067590947,11409.837500513797,14716.220507951217
2023-09-08,6753.301523117901,10236.066778314113,11310.403449215602,14972.374133097337
2023-09-11,7220.658549342344,10291.622875733852,11486.687662300543,14957.31615502445
2023-09-12,7342.266596693648,10345.60048296479,11381.483408551341,14481.822428446589
2023-09-13,7193.74033424521,10325.153732869736,11529.695001855773,14677.491040146977
2023-09-14,7009.779758722734,10357.255298472295,11287.376982414942,14571.37391318594
2023-09-15,7102.742128696044,10258.769104377472,11257.582858090918,14563.243097695859
2023-09-18,7071.585455762237,10339.733527619659,11161.189796416837,14647.414346039966
2023-09-19,7206.2992460448695,10329.608683827404,11343.800112315674,14700.987193654475
2023-09-20,7300.204103569232,10291.577294153398,11361.773733684153,14869.192614583537
2023-09-21,7295.672700317611,10383.090759040317,11519.440875586422,14783.95800779977
2023-09-22,7149.97926226519,10329.776188704134,11368.950341451762,14909.571192812919
2023-09-25,6887.781081329811,10218.548357103386,11276.615809988509,14863.452904757736
2023-09-26,6819.158987642955,10096.405707412081,11145.695791296279,15040.062788904735
2023-09-27,6973.339966811064,10150.402088917905,11491.243579190785,15190.92232310296
2023-09-28,7019.031686335921,10051.502307768043,11374.845176534192,14989.922411049685
2023-09-29,6808.857525342603,10197.634601080917,11310.738294484088,15246.096163897297
2023-10-02,6846.507260628705,10032.887375446715,11414.958125928082,15135.722787460278
2023-10-03,6920.675025290457,10174.066664577746,11512.391291957892,15331.289448155678
2023-10-04,6776.057583204945,10196.328944139712,11419.27946024418,15428.019301400072
2023-10-05,6810.230106551571,10193.538158997046,11428.548915212054,15865.7547155179
2023-10-06,6828.312751850052,10154.197700036922,11450.524113579093,15825.265472336703
2023-10-09,6641.392760660705,10191.698055001783,11338.911458040113,15755.005219226823
2023-10-10,6708.767591595322,10073.456659262518,11500.56117209837,15763.019883520456
2023-10-11,6810.8724391144215,9994.086179056967,11838.03277231365,15703.9448652508
2023-10-12,7003.458582598636,9920.271631890879,11880.975220418883,15904.941673995527
2023-10-13,7196.3692085398525,9792.612616200531,11817.062039797263,15532.055738021063
2023-10-16,6957.149416112226,9693.49401460134,11687.18306173504,15298.99357164617
2023-10-17,6802.383272190038,9700.389498949635,11936.613967469371,15066.18811600811
2023-10-18,6898.132814272868,9687.174812091274,11893.935759735843,15293.003760732086
2023-10-19,6995.014666837493,9611.436782284289,12165.078829134536,15697.644414841483
2023-10-20,7093.477837433485,9517.148754601048,12447.5951490132,15685.608429993217
2023-10-23,7785.221646901939,9427.689047012987,12769.080420178043,15658.435845070682
2023-10-24,7905.676641924705,9445.289821292909,12918.429389563802,15687.416203275481
2023-10-25,8139.598822818715,9436.11025873044,13275.691249778407,15973.369163896652
2023-10-26,8343.496132183504,9442.21987085906,13335.716418276608,15763.953549861928
2023-10-27,8489.380337187327,9473.196523875395,13389.012103803196,15832.929276275203
2023-10-30,8432.656580432711,9437.027125919454,13284.30590764174,16077.199146237272
2023-10-31,8602.77893811769,9382.986577035592,13232.44903966148,16210.903766971383
2023-11-01,8446.891160881678,9402.37897752217,13070.870261474065,16269.971830124996
2023-11-02,8407.017905374623,9333.487913919513,12886.190579643593,16527.292683489955
2023-11-03,8315.09482593069,9368.638035166756,12853.578119282181,15870.357848168846
2023-11-06,8342.092720541525,9245.715238082628,12767.758405712144,16044.42599290834
2023-11-07,8834.830641295828,9326.46033536871,13048.983048987717,15899.847500327185
2023-11-08,8433.008144592015,9366.384858930958,12647.625109675471,15475.965619990948
2023-11-09,8587.808698733963,9390.252635575733,12774.703236346912,15607.01670031342
2023-11-10,8251.871684492724,9468.769494709126,12737.457130392828,15941.082991496967
2023-11-13,8164.415900506174,9599.663828368039,12427.633772350287,15920.969685209095
2023-11-14,8396.479338805431,9682.364553256095,12598.33248875486,16161.26676265464
2023-11-15,8420.048260317824,9544.613612297137,12784.246903603162,16565.042661409505
2023-11-16,8203.28574216845,9451.681377225786,12519.586385800487,16905.018905834484
2023-11-17,8066.4336670717385,9409.162528994792,12686.414282584812,17334.397391567974
2023-11-20,8213.161641524044,9415.831069715176,12825.28214939389,17541.22990216294
2023-11-21,8073.051955397166,9459.532504357645,12665.31162157199,17575.110868119616
2023-11-22,8126.426653740825,9409.340693086931,12692.078018457658,17166.850055548664
2023-11-23,8145.436771086674,9428.104180370357,12785.726584329977,17117.221768022773
2023-11-24,8022.522059425946,9375.843600602137,12742.153537053187,16914.40496077983
2023-11-27,8462.145054666964,9334.663560163748,13047.380579229373,17478.73954880466
2023-11-28,8606.407496726755,9234.285227285836,12996.653373056051,17446.608605856185
2023-11-29,8181.005127229062,9170.699176892273,12822.65360852641,17492.808483375804
2023-11-30,8228.956926009803,9076.117383279568,12658.62004242625,17651.50815112938
2023-12-01,8102.6863665011315,9009.798320409407,12588.851638040376,17677.17409171357
2023-12-04,8285.084589146045,9090.248020284736,12564.193403033541,18140.77151602746
2023-12-05,8130.874156738834,9025.750973337557,12397.091021787322,17985.854036152905
2023-12-06,8117.308516557936,9220.337648695446,12563.409338214247,18052.745438645492
2023-12-07,8229.527725288342,9261.336278433933,12774.600846382018,17866.133147807075
2023-12-08,8417.522067902073,9279.661582556673,12959.68863053747,17526.670585171745
2023-12-11,8175.035057023167,9220.579255613262,12695.112062724516,17379.857791682578
2023-12-12,8116.481115851162,9276.847647213704,12630.249927755413,17384.106263929512
2023-12-13,8029.8487769626845,9238.765235725463,12760.163322913739,17286.068016585417
2023-12-14,7908.33122201664,9252.402378615028,12725.556596340866,17120.35832868553
2023-12-15,8266.866141719476,9446.524037975007,13236.569047582547,16772.904731819228
2023-12-18,8360.484620948508,9443.98784277932,13348.705108945438,16765.41422781892
2023-12-19,8106.977179768174,9535.539623272489,13254.877845951041,16400.41765368615
2023-12-20,8302.732698857662,9486.666059772613,13320.998979142414,16600.516516479365
2023-12-21,8753.188369321799,9488.753999800258,13579.47286757759,16634.325066895606
2023-12-22,8989.626268124612,9627.919909714037,13682.636772750711,16283.951745291512
2023-12-25,8658.949615722866,9584.442760721617,13634.427561637136,16221.451721339456
2023-12-26,8564.516394282606,9728.20545778897,13735.90195835579,16051.412850413768
2023-12-27,8846.05584663845,9788.150810447933,13772.035663529963,16141.102008265105
2023-12-28,8700.169023308803,9749.0008088266,13509.614046376,16478.560100665978
2023-12-29,8807.141827154284,9803.1980577075,13302.964740316465,16028.240815143934
2024-01-01,8988.26819666426,9884.372807869117,13471.478433287573,16068.718393244999
2024-01-02,8790.76662654515,9938.484606130665,13224.306399267682,16042.976435997343
2024-01-03,8788.23370865947,9818.608614779354,12923.540428058575,16217.365212551671
2024-01-04,8086.654216690562,9766.402116377301,12655.383557875008,16282.20141845494
2024-01-05,7889.26148576755,9751.946385226745,12904.86285030096,16111.57143779162
2024-01-08,7848.914194817532,9751.01539194054,12890.640258280371,16047.353790786834
2024-01-09,7613.489313626851,9804.308365049028,12891.380631022292,15868.580045558367
2024-01-10,7933.3341512513825,9823.148402510971,13083.8108820907,16137.395490721476
2024-01-11,7659.209416360564,9723.121690279706,12933.018139385638,16155.464124661732
2024-01-12,7584.140645757019,9757.556930898556,13028.588877126493,16629.107764728815
2024-01-15,7618.030487688058,9810.09831073042,13014.191759294261,16627.280022790306
2024-01-16,7901.663720703187,9858.936154506679,13214.636644060216,16463.898681556642
2024-01-17,7627.503220470395,9949.108407946045,13121.756765602786,16103.245194610014
2024-01-18,7858.4571059723685,10020.457217505178,13162.092168289531,15680.581785862516
2024-01-19,7869.897656276666,10062.277000826243,13317.140585587576,15320.523653077875
2024-01-22,7686.232217651759,10061.6599247294,13200.513934679273,15394.16787462817
2024-01-23,7784.251561607221,9932.994562201373,13154.560042504527,15523.95418507226
2024-01-24,7832.330932134171,9972.100222958206,13264.674021592991,15168.178368177181
2024-01-25,7724.202298928737,9993.654932521405,13085.319854197274,15383.954422785608
2024-01-26,7746.9504773212,10020.364281474915,13109.485471949272,15284.790748286023
2024-01-29,7681.621684065823,9923.026577011062,13080.684011828558,15330.674087957299
2024-01-30,7712.6395626066915,9842.169268045784,13258.84045415902,15713.685062372651
2024-01-31,7849.564110979982,9930.01282186083,13410.094472795314,15937.64576883852
2024-02-01,8170.22210489879,9931.835562792021,13589.814458559853,15886.199690287593
2024-02-02,7927.195682667132,9990.949903471283,13588.636928870408,15686.543785209136
2024-02-05,8359.432641450332,9998.208798241154,14037.91135319656,15192.77482257771
2024-02-06,7961.50529886244,10005.587967405938,13917.06808373192,15041.04002580338
2024-02-07,7940.848159260721,10085.695410662323,13915.419294356883,15005.43858223105
2024-02-08,8067.170617206195,10049.100898791026,13797.454198631307,14795.247006632291
2024-02-09,8133.52145542349,10061.852868328022,13683.33141755257,14777.953515495514
2024-02-12,8016.66318355143,10029.673027245277,13583.524883947091,14806.811581617056
2024-02-13,7984.572029818765,9999.825023017156,13484.858101316766,14768.716028547875
2024-02-14,7895.7434794157625,9980.091598435216,13417.712980417342,14636.535448360639
2024-02-15,7788.881548175067,10002.816967338515,13375.861807066887,14685.272477990917
2024-02-16,7963.664458452326,9969.507697135261,13556.455985501807,14794.370978843714
2024-02-19,8044.299644219892,10074.646613860868,13598.192749281236,14564.229948626613
2024-02-20,7914.60349352716,10007.581117743473,13607.642690829462,14884.118486894327
2024-02-21,8102.100425641409,9997.623843201938,13728.439404428036,14874.014820049033
2024-02-22,8174.067235624522,9967.452529421154,13482.801342654951,14890.119575470584
2024-02-23,8349.985856624318,10087.81772267321,13446.965063817312,15060.212632841405
2024-02-26,8491.440637776892,10108.724101598304,13507.004218222726,15124.945070841233
2024-02-27,8325.646318435774,10197.223517770935,13254.252195959558,15353.287115392071
2024-02-28,8219.040363643562,10081.133400145813,13293.773486082348,15431.694241276045
2024-02-29,8382.454119679955,10107.711321684063,13606.103486656642,15302.275402058352
2024-03-01,8520.423083273894,10184.702227465239,13865.022059162495,15397.494619902778
2024-03-04,8526.195330381588,10196.498882009837,13844.385419148395,15145.654843740776
2024-03-05,8561.435669470377,10288.510487076099,14093.89532020266,15182.434485120206
2024-03-06,8845.17553758457,10251.07772117003,14274.451194218791,15187.012750369793
2024-03-07,8724.97592879803,10371.78190119441,14168.97585262705,15151.752260095614
2024-03-08,8854.781186948016,10567.717151754958,14151.066696230102,15134.660133961912
2024-03-11,8820.647631999584,10542.326008103024,14095.874510142075,14719.550676163672
2024-03-12,8783.230179413558,10510.024108562766,14026.103324672236,14610.171555403107
2024-03-13,9035.040305799228,10637.479967765192,14189.012447464538,14642.206891653172
2024-03-14,9232.324103720499,10777.220044211876,14321.275749645138,14689.030412635182
2024-03-15,9431.167508171404,10737.528833714354,14429.042978821262,14474.348365974733
2024-03-18,9750.289641897214,10706.803453618304,14662.025311651245,14760.732287940831
2024-03-19,9767.10982795529,10688.020755958518,14867.455102255119,14580.760248035554
2024-03-20,9945.348098952298,10578.408646598149,15115.664417075372,14804.456201408162
2024-03-21,9880.139744224669,10505.954845370226,14850.610756127639,14911.16546966656
2024-03-22,9972.066133491773,10426.81216236177,14494.121585976194,14778.554366820816
2024-03-25,9951.587734227734,10367.980120522476,14639.548508640155,15183.925138480854
2024-03-26,9987.661235896087,10370.287212799467,14449.200381732386,14924.21089415278
2024-03-27,10148.252098184848,10394.903348772848,14497.139792288139,15141.915023836047
2024-03-28,9952.842256567612,10529.03922256745,14233.306546032687,15381.28954236751
2024-03-29,10485.41567963916,10450.210071355154,14208.564924190048,15238.869519869842
2024-04-01,10234.285417805564,10537.726183126993,14191.282455775683,15569.354570765137
2024-04-02,9935.907739948954,10524.95539944502,14183.752090565145,15523.414111747123
2024-04-03,10235.502899030102,10526.05305044088,14240.807292310528,15603.055504417536
2024-04-04,10450.362147486729,10588.141563158237,13946.50740674651,15676.465190311459
2024-04-05,10625.959534854168,10498.335316336803,13947.588519015242,15657.424067807444
2024-04-08,10805.630035179733,10535.701809944374,14090.443170318398,15860.37754161993
2024-04-09,10815.288438809232,10554.999187500063,13877.871657075066,16061.841303897852
2024-04-10,10585.66516417076,10601.859268625729,13819.39380538025,15653.421130906827
2024-04-11,10618.42900414168,10631.686000400921,13839.087686604036,15972.204674607967
2024-04-12,10451.41127999629,10845.833684395308,13864.317097736744,15586.677503805628
2024-04-15,10718.737408062017,10795.922026812876,14004.019860880499,15840.556316231454
2024-04-16,10692.193156545727,10755.459174044885,13854.154391333244,16120.943303860007
2024-04-17,10484.364401376268,10707.219603698672,13955.331206645264,15870.02893898439
2024-04-18,10412.707481724592,10664.992289503092,13909.289692494942,15784.930442559762
2024-04-19,10532.696091787042,10615.942955262622,13964.82340241805,15535.756317682848
2024-04-22,10396.896842243115,10722.231180077071,13774.830717881514,15498.100511425328
2024-04-23,10195.659602596494,10849.44009518094,13631.831287133804,15438.889797375336
2024-04-24,10270.008190566547,10805.326593439879,13541.556234495325,15631.797304769278
2024-04-25,10345.227417687765,10738.77826626251,13556.125799619325,15951.539953503214
2024-04-26,10226.530629662513,10784.647072446043,13765.092207019552,16298.250776520123
2024-04-29,10118.375274914355,10742.39515087953,13522.815038173512,16173.854045005617
2024-04-30,10189.216533961875,10802.159977974125,13325.570397999913,16136.034267507122
2024-05-01,9832.572470928735,10825.09711343871,13396.035545270453,15741.482849567516
2024-05-02,9498.396818849738,10699.245044043682,13228.097406113562,15563.792188386227
2024-05-03,9339.19318739073,10837.051765413404,13069.498611769784,15801.494476789245
2024-05-06,9300.56461458722,10998.1664457576,13206.82497535749,16197.06501831707
2024-05-07,9384.01568969993,10949.749112868276,13166.288114447036,15910.130236334842
2024-05-08,9741.395655721344,10921.262108928977,13594.294578016086,15781.465587671468
2024-05-09,9961.955373696903,10951.698826863267,13800.47756357276,15787.839936970151
2024-05-10,9934.07720769458,10986.477636552998,13723.678575976666,15866.817301899728
2024-05-13,9941.27538840624,11049.851530766475,14054.841905783742,15686.823288677671
2024-05-14,9704.04440640162,11233.076150130586,13864.005879597826,15799.155307330419
2024-05-15,9711.197952345003,11222.791394757689,13986.709609261565,15699.50071004982
2024-05-16,9652.770860307619,11156.72980288335,14013.383533878638,15708.65690906413
2024-05-17,9742.232393222786,11039.198632273754,14260.363174414622,15849.944711992122
2024-05-20,9552.446169720863,10980.167176412175,14420.513803380278,15864.15155708315
2024-05-21,9687.934845642552,10982.747342398758,14499.601913334,15772.999499758524
2024-05-22,10070.78723557107,11145.912120920602,14573.680354921982,15759.68476862097
2024-05-23,10055.489672383303,11105.33107656624,14647.738230699833,15751.403930701388
2024-05-24,10168.541461811192,11130.765656455696,14602.013379139564,15676.582155988626
2024-05-27,10356.187656423721,11134.868644023238,15014.516375986968,15628.267855642707
2024-05-28,10264.737219150215,11246.29690232353,15003.23773855283,16015.531762736919
2024-05-29,10334.561164777473,11479.269109282557,14985.70296100595,16163.095536669705
2024-05-30,10350.216061577477,11436.256859788662,15031.848233970582,16104.387863956377
2024-05-31,10387.910538952181,11397.196146762955,14839.687773237605,16285.631735053546
2024-06-03,10199.627119588291,11498.098795434194,14606.800986451886,16217.113321299343
2024-06-04,10218.11653808373,11566.571490555825,14813.407636713806,16515.457439772646
2024-06-05,10357.593392322244,11743.235354743178,14781.90734188399,16620.241954122346
2024-06-06,10745.781390478243,11803.964621304956,14800.924417184935,16606.787333752447
2024-06-07,11016.379192931196,11775.938034588686,15014.857220498476,16731.59986020924
2024-06-10,11622.605708550582,11837.470121094486,15480.54398610777,16350.736072002079
2024-06-11,11413.588381279216,11948.382820221437,15520.946893967583,16087.464498379752
2024-06-12,11676.192404437383,12032.784493216479,15811.497158868391,15812.226077665866
2024-06-13,11743.72224869312,12087.632238225642,15721.013480253558,15858.779586487672
2024-06-14,12400.725651068598,12196.824625269373,15770.485438667094,16283.60021276363
2024-06-17,12165.01938982692,12317.016583596142,15939.734558989245,16841.63108596307
2024-06-18,11924.236600789955,12459.367693598144,15792.790657083557,17016.2917097987
2024-06-19,11759.863191684703,12530.257497572558,15689.819486680382,17157.742478469976
2024-06-20,11149.55694873254,12519.770365690383,15663.732509223535,16707.937400581013
2024-06-21,11016.388028188225,12540.724824182422,15707.359825085938,16585.299352378104
2024-06-24,10820.53519470838,12668.039162169633,15704.76067557401,16402.58315160494
2024-06-25,10874.203368432813,12591.581397166401,16106.318459306654,16262.952652804403
2024-06-26,10980.160512049384,12635.01462768607,16054.263658149499,16234.945290519054
2024-06-27,11508.353128729263,12601.57340182077,16471.89991668048,16132.967776235235
2024-06-28,11795.608481278921,12610.772028490765,16623.49299338893,15666.894449551704
2024-07-01,11639.63997011615,12746.05553441493,16611.350651622535,15855.189430716306
2024-07-02,11392.17695512116,12771.914636850592,16782.516361476675,15612.745424007113
2024-07-03,11545.948323702773,12783.045263201659,16957.121318330857,15681.265126089207
2024-07-04,11178.719852103797,12650.371965020546,16893.290169138956,16181.673741756722
2024-07-05,11703.968427530463,12732.220232526794,17353.10440028373,15971.461358186381
2024-07-08,12063.116438020616,12804.33391665026,17465.518356980883,15378.052686353267
2024-07-09,11936.099164715657,13032.328370200377,17258.851155345423,15324.382308613473
2024-07-10,11439.218893170135,13006.755998200611,16844.552165363253,15589.714709756408
2024-07-11,11840.127016879294,13036.062854910517,16685.848316978103,16060.137653232367
2024-07-12,11820.431011392431,13068.588737344715,17057.520886856437,15776.784727279224
2024-07-15,12200.403586617565,13240.04373703822,17039.98371097253,15906.950905849191
2024-07-16,11728.72754774758,13236.570022772758,16798.681176338217,15808.65140769419
2024-07-17,11567.054362226132,13272.734611493905,16684.440336892243,15796.17481981415
2024-07-18,11582.451181453289,13343.918571157417,16756.94994579906,16435.369406566406
2024-07-19,11609.953883714927,13370.511305995267,16927.364886716867,16077.989613777418
2024-07-22,11493.254844162224,13329.444196122473,17040.381960194627,16152.04636010014
2024-07-23,11686.011075028695,13356.805812055445,17034.751189583785,16278.28102407808
2024-07-24,11388.128684276433,13478.206541333748,16875.27392814128,16556.424672839297
2024-07-25,11361.258541261976,13374.260962818003,16924.158687162493,16594.003573072292
2024-07-26,11409.059795843074,13395.175062276863,16911.64328689129,16683.95565222902
2024-07-29,11569.482253075084,13326.846722761167,17291.459226542254,16599.28910679894
2024-07-30,11789.191024355614,13460.91977212442,17498.60137187804,16679.57827664672
2024-07-31,11471.872542217152,13303.622258224523,17497.26348751857,16607.057402921546
2024-08-01,11045.659733470608,13250.788588329873,17425.003364631102,16775.18024966711
2024-08-02,11411.734110751599,13297.400821099938,17841.093839187717,16695.596193727768
2024-08-05,11520.235170334208,13470.588725604828,17940.960163550008,16803.39140919905
2024-08-06,11318.490929464597,13470.238462163508,17599.9082998438,16809.45840464516
2024-08-07,11770.990607709275,13417.144221245488,17911.5999598709,17106.8303941473
2024-08-08,11819.155922283813,13625.770838984108,17819.798400013882,17107.32810277134
2024-08-09,12181.796341819569,13474.741279773716,17903.717485072888,16666.036242696333
2024-08-12,12216.976907175922,13244.451919294555,18044.384831547894,16994.837513685547
2024-08-13,12861.040024709382,13297.696147074414,18600.93574273168,16777.54178443564
2024-08-14,13440.860993530761,13250.935678949583,18884.720170543307,16626.434936904123
2024-08-15,13373.332713920998,13149.302823804805,18928.677819220382,16491.180228605954
2024-08-16,13714.209252735032,13230.392622678577,19442.411391540994,16844.36476740196
2024-08-19,13951.936824320645,13262.812452308974,19612.47692354453,16318.229126947008
2024-08-20,14446.0556741714,13209.593705832596,20397.588499972575,17099.321202973653
2024-08-21,14114.907490159048,13080.900095275649,20384.781190472546,17383.86847873815
2024-08-22,14373.934201431404,13178.740762512276,20129.078039747532,17455.986912359505
2024-08-23,14771.526020752117,13253.880795035911,20483.097905941915,17455.57826754452
2024-08-26,14139.770199791437,13249.992014823216,20299.376698314183,17544.310402707964
2024-08-27,13738.46283763016,13452.360414445897,20409.952714375,17695.486855649633
2024-08-28,13054.551105748897,13343.9252670481,20245.4587243865,17880.904303937743
2024-08-29,12982.291934863433,13187.745278691062,20191.472603180788,18044.229681692614
2024-08-30,13230.75426119386,13121.341492275491,20060.26674022003,18082.91128125215
2024-09-02,13743.564090528645,13123.116965518646,20275.822435527654,18043.850813075154
2024-09-03,13785.514526524103,13155.225500447697,20121.54648725455,18017.342605291895
2024-09-04,14363.33972549583,13136.41499527841,20277.353076791012,17979.08054042029
2024-09-05,13885.00408066661,13179.981169095563,20202.323526712393,18299.225963141023
2024-09-06,13310.379282528855,13054.609031334423,20311.252619426803,18476.78977265592
2024-09-09,13307.867714153248,13211.918595365736,20408.788695201034,17676.637064685066
2024-09-10,13451.614460111761,13209.841557211932,20227.986961071092,17864.690173994237
2024-09-11,13456.761468808087,13334.520885253036,20339.729412072276,17931.165452898138
2024-09-12,12777.38270280045,13377.748772009098,20286.19693765311,17940.478338151715
2024-09-13,12764.247540760221,13433.320284928268,20158.097400327217,17850.277617448035
2024-09-16,12363.300347463739,13501.267875976584,19938.3914463233,18165.54370141782
2024-09-17,12585.12037927163,13556.375575507864,20067.99124780435,18438.26113671809
2024-09-18,12715.564600175723,13632.857692285148,19976.47888358986,18239.253941636423
2024-09-19,12432.045724209813,13784.63529948838,19985.79572146499,18365.21029527556
2024-09-20,12287.253753766652,13813.199398361832,19897.195184649212,18112.232259541706
2024-09-23,11976.62782519941,13898.454880283076,19838.32420357823,17751.902575897246
2024-09-24,11972.232673078142,13895.426607737601,19657.748867019727,17599.222751254598
2024-09-25,12272.479004709452,14062.462665632012,19734.425664452734,17840.963951750982
2024-09-26,11984.773424313897,13993.399965004593,19752.1848772515,18110.30676655337
2024-09-27,12150.177234517983,14202.006903314053,19771.735077897025,18264.17702729773
2024-09-30,12003.689346119942,14204.545318827519,20076.084334947172,18477.437536110665
2024-10-01,11780.158794098897,14049.059513254246,19881.847145684154,18635.2842670045
2024-10-02,11762.774118750462,14070.48201540281,19932.632384855377,18470.879616232633
2024-10-03,11472.456407773218,14000.855455626026,19987.92635233174,18605.32615981876
2024-10-04,11327.430417442807,14102.013713906603,19612.882009586243,18843.588624920914
2024-10-07,11001.80137202141,14035.438222314382,19071.25740024494,19071.866828656126
2024-10-08,11555.391425241947,13992.35690132389,19075.542957153077,19427.246284492645
2024-10-09,11579.44499860418,13787.840053478725,19359.807017487576,19649.19398077767
2024-10-10,11390.779506754492,13744.843356025593,19155.098895373718,19768.49844602501
2024-10-11,11465.38339171381,13485.189044436216,19735.96561486,20101.642194629403
2024-10-14,11446.944747900145,13321.057806936664,19617.38209579677,20109.72669542547
2024-10-15,11397.445411677065,13408.754556574051,19641.10730431006,19859.800603544616
2024-10-16,11586.120632106447,13499.751745515267,20084.05593454084,19827.111283193222
2024-10-17,11819.438369573945,13552.450193086817,20660.66646651318,19621.43395771394
2024-10-18,11676.866055138162,13454.387250042066,21053.306512566374,19438.411615898713
2024-10-21,11522.784482701496,13455.979027173014,21251.793072874996,19411.82414407817
2024-10-22,11457.377788383747,13462.319211163023,21460.98428407712,19196.6188610727
2024-10-23,10811.77713114351,13344.296169097806,21224.2250257788,19123.298854536253
2024-10-24,10415.203561811097,13511.462654773552,21166.256809539133,18595.41510574753
2024-10-25,10783.608649556176,13613.053968691494,21292.538685455525,18669.78571325278
2024-10-28,11240.01618152447,13595.796517887917,21405.542314051632,18685.05913132381
2024-10-29,11183.524973082389,13605.51869131632,21383.179249247387,18470.99693782325
2024-10-30,11358.143682918555,13635.002700169814,21463.547111215743,18668.42760621683
2024-10-31,11460.15405475396,13419.10771796793,21433.050379256834,18945.906751902283
2024-11-01,12356.017449147726,13399.282072455,22143.256598908883,18504.213287977273
2024-11-04,12716.681848619546,13332.87691902808,22591.832378094412,18307.312328868436
2024-11-05,12691.274683995327,13232.707546995078,22612.5141532816,18110.744240387794
2024-11-06,12403.32855853297,13209.566157031499,22822.74272790497,17869.897665656154
2024-11-07,11920.080514758187,13406.144212958197,22270.48226734892,18106.53304191203
2024-11-08,11995.017184409964,13481.577139592597,22282.067081076075,18068.37547755442
2024-11-11,11782.600200353092,13426.714779272224,21996.667513982728,18011.139875853674
2024-11-12,11377.793149502055,13494.931382204191,21324.61157707305,17484.171107695023
2024-11-13,11207.532187956747,13652.752492663634,21216.249828049342,17664.80480805757
2024-11-14,10917.944124999078,13760.569227463468,21025.65880073339,17350.567787126518
2024-11-15,11391.548610516122,13774.013894743966,21673.803965399125,17380.046218817668
2024-11-18,11656.299522555077,13709.61357237024,21995.657445516204,17466.262615818938
2024-11-19,11667.963794602834,13793.047353691321,21772.599509023814,17836.719931392432
2024-11-20,12113.663716921443,13843.362777801027,22487.78047610902,17500.813363843834
2024-11-21,12151.630454911512,13949.4243351985,22820.3772313912,16722.15523420174
2024-11-22,11904.56222817754,14027.281295265417,22829.057682694645,16781.64836779573
2024-11-25,12372.150836828658,14152.073905289,23073.852854383495,17248.306869445958
2024-11-26,12553.684326531564,14098.5524360759,22956.94540846454,17582.65141829572
2024-11-27,12243.217227965324,14254.188506800503,22696.75592512599,17652.01306566042
2024-11-28,12199.65014407235,14283.84857716714,22951.408435000354,17535.959150528026
2024-11-29,11947.233815468791,14528.132197957315,23280.36147198374,17762.292951109946
2024-12-02,11548.554703402398,14455.295370212878,23433.74721254722,17517.11659346198
2024-12-03,11829.813270864786,14663.273974111999,23506.71630721521,17656.296505526963
2024-12-04,12408.710104615915,14693.821771421806,23604.679721029046,17804.29250780551
2024-12-05,11989.74006711051,14624.594121957069,23399.721015831517,18101.680251503505
2024-12-06,12172.87412553353,14575.293347622774,23081.218257837616,18865.47885011301
